x1,x2,y
-0.8986080942841759,-1.172771311306496,1
-1.5795192803165874,-0.5960944619978709,1
-1.4607320210093457,-0.34176895920159855,1
-0.09824346209458429,-0.03187634182930256,0
-1.1156947584648345,-0.7932636135339068,1
-0.5982853874656779,0.042408708004315065,1
2.3657391267702006,0.36865361449264084,0
-1.1365874440732873,-0.06472006846147736,1
0.7452045330885307,-0.5530967004606028,0
-0.3599354643022091,-0.9772989948797495,1
-0.6552873235325432,-0.7150368176810062,1
0.9551511075218947,0.8612578667043429,0
0.13795823504954968,-0.1731097756181351,0
-2.1970251822662608,0.557405879257974,1
-1.4831249961737734,0.24846954692578987,1
0.7439533350871914,0.7190594294024688,0
-1.130389890122796,0.02338034858543486,1
-0.32427863295734366,0.3018521189836654,1
0.4779912406508199,1.701862725101471,0
1.5397728571858693,-0.839842802283759,0
-2.1183355019138435,-0.10750377006944895,1
2.2053224887464355,1.7879028246088373,0
-0.7392733595440654,-0.1260460389631343,0
0.6155648011903118,0.3882643980532269,0
-0.6079469977366954,-0.774519454458847,1
-1.0985689727421724,1.927508829535601,1
1.5291535741477262,-1.0824211627321492,0
0.6349310890958871,1.0708277362596625,0
-0.9971720756237201,1.041127138714133,1
-1.9718355012437163,-0.5885414867895561,1
-0.34143992583158306,-0.1629262893618913,0
-0.04418239571848191,0.14580824373426257,0
0.23444995193757878,-1.2308958218327395,1
-0.19375226662886363,0.9505996639369381,1
-0.3563826160491309,-0.02315793526817836,1
-0.4057868613368921,-0.3420380524856957,1
1.163570547806591,1.367607371045288,0
0.6636126620447151,0.6766625539971145,0
-0.3344749717901476,-1.0470780894990928,1
-0.9087898700163038,0.29322215615356656,0
1.5519530601787788,0.36425704460982444,0
0.5006654554891178,-0.42237570666906626,1
-1.7056432462659943,-0.13432988930444575,1
-0.8189512761837939,0.24137548999663497,1
1.2141079358371634,-1.4976654979271355,0
-0.4259472862724034,0.08033057696643049,0
-0.19287893064738534,0.009549637182009851,0
-0.5679908976826177,0.15228549571236352,0
0.9011815508268733,0.38835326815917887,0
-1.7402904005049384,1.4379763565350512,1
-1.082383266415561,-0.8887936804696611,1
1.6758181660441478,-1.6160309068271062,0
-1.1345607942951146,-0.014968892598141737,1
-1.201547551303177,0.9363818955991121,1
-1.1143375406055842,0.2015557973818677,1
1.2440185744414944,-0.3057059187593997,0
-0.8864452718700793,-0.7862881927530199,1
1.3094746950566973,1.2811073702279208,0
-0.43687964834518234,-0.9202714480752376,1
1.7670989879539956,0.9377262115960784,0
-1.1124709300919742,-1.1509811583565468,1
1.197082871189804,-0.20557595051619548,0
0.7913925347169393,-1.8255221086615996,0
-0.6010803743171019,-0.6956703899436355,1
0.4493595059044886,0.6391200478634904,0
1.9184220834635917,-0.7283239601633082,0
-1.1981003139553192,0.8046399837762725,1
0.07151590860894211,0.20875642334969666,1
-0.7392194281487728,0.6861544024519843,0
-1.2437739751024748,-1.885419470803695,1
0.29601385021495175,0.9265619497503222,0
2.034414914399019,-0.18847785224626673,0
0.5512134540369765,0.4698248674845773,0
1.6559636281089922,-0.9185123452712227,0
-1.4529788651190743,0.3129973852944565,1
0.6636446959569517,-0.4965609821528635,0
-1.1264500151268952,0.22429110155093118,1
-0.1047058062921391,-0.5676111097658048,1
-1.1807558619980143,0.3443461063521944,1
1.1579305101618431,0.6691082506126386,0
-0.1786541110884164,1.2785473798663836,1
-1.15931350984651,2.1864263521066625,1
0.01683316672737467,0.743466528513403,0
-1.3664595064689238,0.14804551142693548,1
1.7926117288133456,-0.06318226236159258,0
-1.244141843115041,0.24291863924486973,1
-1.269730568559377,-0.3241914625513197,1
-2.0799573726491083,-0.22167616058988698,1
0.9146566607562638,-0.14640702421423857,0
-0.17173975580469286,1.8099315159466363,1
0.5958964998403378,0.44088561720162583,0
-0.9068383148271553,-0.6716528954696549,1
1.0407861382551127,-0.03583499202319051,1
-2.0714744232636493,-1.1720542336360762,1
-1.4471935276723955,0.4629994195632925,1
0.6254511524620993,-0.07579841100015947,1
-0.9878387412658328,-1.2280148274645482,1
0.3020980058625441,-0.28666282117933833,0
1.8135292259754885,0.7321062866642363,0
1.664797968815488,-0.5096016969200454,0
-0.13574279886636242,-0.885918425897024,1
0.7654690016426328,0.1482754415541259,0
-0.2810378052924657,1.6078286654568419,1
1.6773605289334519,0.1817094792669084,0
-0.07885551990036477,0.388860478073118,0
-1.632034532160334,1.4470406593251754,1
-0.62616326687247,-0.899651623159217,1
-0.3332443610190719,-0.7359516413043062,1
0.9276264226959783,0.8618945204796535,1
0.49913625913417825,-0.5999997086911795,1
-1.4213157615428187,0.9471605747046248,1
-0.37823842963591797,-0.17166589060060725,0
-0.1789446580850916,0.8366638935639344,0
-1.0062054905417395,0.12051295687739333,0
0.22758993678809025,1.4833146821177372,0
1.4336149628855672,0.17337318719289174,0
0.6694467219533489,-0.06421013918742173,1
0.12351705685385032,0.9588962618966771,0
0.17507775171680734,0.3618550542290946,1
-0.16413923084499377,0.38002180767349886,0
-1.1384547571199595,-0.8226962006569137,1
-0.9582973070380486,-0.8460306340769688,1
1.3335392451535135,-1.2604436568093218,0
-0.7533788933655194,-0.02781143680806647,1
1.8685494834460226,0.5450539956733097,0
-0.3766289006329152,-0.8720962022665073,1
1.8480685761878923,1.8496763353583334,0
1.3165131456375299,1.2680063406947955,0
1.7642889730130078,-0.33749649344635363,0
-1.3639181818001036,1.846156677848501,1
-1.9561421729139092,0.2353421372710925,1
-0.6840810668214274,1.1775102380700475,1
0.1608112445814418,0.9866963254545846,0
-0.5964962127259325,0.3017186703720487,0
-0.7147949539624848,0.03853590306604015,1
-0.2359157161558073,-0.9340546074156949,1
1.127396629589481,0.38430950156694643,0
1.703508170623715,-0.004311405313024458,0
-1.6214691094632185,0.6717383984557728,1
1.0031878121462579,-0.19302000518139412,0
-0.35854254533496954,0.5923736015638876,0
-0.5493486039367048,-1.336979091606381,1
1.6370994359467885,-0.5264533650333043,0
0.5426081959644905,-0.7719072650227885,1
1.523093501016076,-0.17487097943013946,0
-2.4028547373947537,-1.116919046007129,1
-1.203593781855064,1.8227979063158695,1
1.9146437182358707,0.046883434469128404,0
0.5608050923372375,-0.6836881409199326,0
1.8556776392696184,-0.5107066497249745,0
-1.7521202400085851,-0.7104774351765513,1
1.6845080127432923,1.2188947889194917,0
-2.257413288702277,0.26081757945514134,1
0.7529390398446492,-0.4446496966044705,0
0.9753634494784393,0.5120731540995656,0
-0.5027141828529729,-0.8580494386013717,1
2.383753182944694,1.1225390542345015,0
-0.16711885827701786,1.1025148354214196,0
0.8363396502025462,-0.44262120087366175,1
1.199156986593493,-1.2258372241112827,0
1.394422302906319,-0.7356444380043028,0
1.913754055969127,0.9616765609145633,0
-1.7347487996770181,1.7207005609716988,1
-1.4224920010493103,0.3661530244116537,1
1.0662399399786207,-1.0121101369933894,0
-1.6065157205173641,-0.4361808034627016,1
-2.321380334867791,-0.7219602999899846,1
-1.5869993694055773,0.09698487602762199,1
1.4710085289540518,0.7934091399622851,0
-1.4925623486481039,0.9181761666702228,1
-1.7761951616939737,1.0259251928956366,1
-1.3513408433493996,1.30104240682303,1
0.841405995917154,0.391042120563069,0
0.22603062720456102,0.3598236220733435,0
-1.7332217868424797,-0.4529351732811747,1
-0.9870802583868632,-1.325352709488774,1
0.6475943532740294,-0.7170756105533942,0
2.116505109541113,1.4127698899538226,0
-1.0105841631429016,-0.8897458099563796,1
-1.7158694252207354,0.433800299118535,1
-0.10201647431880434,0.6516924945529635,0
-1.7738835300116294,-1.271876321052757,1
-1.8573111517801788,-0.9331333302827869,1
-1.7838931031205822,-0.55480960778149,1
-1.347584273016833,-1.0775870776176886,1
-1.5191404239048059,0.18522830041973481,1
-0.8603834496497924,0.1442807427574734,0
-0.37383296505585306,-0.09587463592832138,1
0.9365453413074765,0.502837985066779,0
-0.7143298518701153,0.4514412342642432,0
0.8018181043827476,-0.27939053178791456,0
-1.5507527738847533,-0.9775975893421134,1
2.1111854525882014,-0.36532172177139194,0
-0.6567251891651527,0.45034230213596144,0
-1.6903682421110353,-0.1653031244999339,1
0.9282031944017428,0.24774627069991415,0
0.23264225416931456,0.1447879411785915,0
1.6643834791150103,1.27645865339328,0
2.029411240020099,-0.5408127511819368,0
1.2980063605812813,0.3582640752335849,0
-1.8043186272067087,-1.43467715376483,1
1.6205108145566738,-0.6558741384971946,0
2.093751812345935,1.4128093647293136,0
-1.519013290402924,-1.556249191777924,1
-1.5533464709702736,0.7480494896293564,1
-0.6453755866747788,0.23979683310614605,0
0.6547613419744797,0.04499085606919248,1
0.10084460277493276,0.5685532568321809,0
1.5929797854845833,-1.7707522637721265,0
-0.25087061245015396,-0.24925629102651847,0
0.2748808289272944,0.3296940487687861,0
0.31844699186789516,-0.059563724676536894,1
-0.10015289674830957,-1.3522779469640316,1
-0.27465945177982876,-0.24520079167945977,1
1.195899913517539,-0.16382523601816537,0
1.889352837300949,-0.10061373562035716,0
1.0838463924540487,-1.0962690428162756,0
-0.5687348337960323,0.2852311337312148,1
0.7882424956523132,0.8443860402063978,0
0.3594996579496627,0.20138808001270106,1
-1.236491575539678,1.3292951724691449,1
0.11751111226463817,-0.19524705783865565,1
-0.4562754313909167,0.1475088084367552,0
-0.40442318536969335,-1.0199444486277243,1
-1.0942089095361114,-1.1152728555821156,1
1.8776897844036884,1.3534410664971617,0
-1.7835258918953354,-0.30860068587903605,1
1.5308811661190198,0.6191842322752701,0
0.04106268544820125,0.24209376558074186,0
-0.81555915854149,0.5694525900091865,1
0.19411056801518103,0.19894830689183893,0
0.5879087725344895,1.5848708180583158,0
-0.8023598808753225,-0.321254922880903,1
1.265178235375752,-1.003226764614678,0
-1.4730295772654853,-0.5535865640909947,1
0.06261046693875799,1.8451536370863586,1
-0.5701350486089306,-0.03204254011377741,0
-1.798365551547132,1.4534948168524922,1
1.984029898447124,0.222166380464546,0
1.3407576622127761,0.3916814546883851,0
-0.9172623767956161,-0.4742341331340504,1
0.48719541859212934,-0.85061347714561,1
-1.2029187840108946,0.720829998018222,1
-1.7707460394888825,-0.5765090360336483,1
-0.2805636835505684,0.0680558169727343,0
0.7415427303013863,1.547071809576625,0
-1.4685115364960852,-0.2000058312114081,1
-1.5519581261802904,0.6175213891128237,1
0.3734007834552962,-0.05135181970548208,0
-0.07423966455019398,-1.0832715939681026,1
-0.9446575444453338,0.03277903482021746,0
0.21620646787092507,0.5944912576710717,1
-0.5044995457136905,-0.8782905261325952,1
-1.6508758664444232,-0.35232122375333635,1
0.578167719751858,0.06691976033709708,0
-1.5396331013525337,-1.1077207960912046,1
0.7875808609956055,0.10403365280622578,0
1.1211030678946832,-0.736650397772705,0
0.630109070208927,0.48196826888180966,0
0.27833067092857594,0.30208191086359504,1
-1.8334205982585237,0.8024302939031938,1
0.2398755746934483,0.21188811623777798,0
-0.6151113394390149,-0.6304925029130402,1
-1.86168756285774,-1.4759723724151506,1
0.8988662026453755,1.2487864165040397,0
-1.9144121224678134,-0.8688550786793038,1
2.112037975968337,1.0368796360890271,0
2.255630458212663,-0.5662075772772015,0
-0.5625331556141882,-0.14953465840503471,1
0.021629690611617382,-0.6114477051458485,1
-2.555391794078684,0.1888037362383176,1
0.8222091451576324,-2.0452008588892454,0
-0.19721999248454997,0.36273532518486507,0
0.021096027602322355,-0.8654301364457452,1
-0.35412368903855623,-0.15002513451631044,0
1.5506523505965313,-0.42807728377504495,0
-1.1546977446256659,0.24957555190872954,1
1.9057270542470308,-0.05323537850114296,0
-1.5228195985127335,-0.9959485367848584,1
2.080426328354121,0.09264928248339692,0
1.4918760315277844,0.4860231050827079,0
-1.1287040828852424,1.6832671775325905,1
1.3137487991614598,0.5539823553238491,0
0.6188382814734115,0.33999604522943333,1
-0.5619466303018325,1.6585223707758592,1
0.33981983818541084,0.3472532208091455,0
-0.13209093375704245,-0.851216019984085,1
1.0582234489079065,0.14166101205479936,1
1.4057006629185094,-0.28783939520667245,0
1.1066176495537463,0.9246830750021562,0
-1.944885618591114,1.3299619665668814,1
-1.8312433421988839,0.1274890286757272,1
-1.5018562341974813,0.40516618711721203,1
0.05442842711764953,1.4114489988490206,0
1.1372696717754693,0.9869523334215256,0
0.4748912887502048,0.17526670527096966,1
1.4024263994263568,0.8637140901389649,0
0.00032528419272431774,0.044826756301680454,1
1.365955722092151,0.24005874831128277,0
-1.7343067020015133,1.2915923311827961,1
0.891905946177147,1.0467738015935089,0
0.3329097933458143,0.5994439318166396,0
-0.4074471831980724,-0.9975077989894792,1
1.1231186760971121,0.24870827695248487,0
1.2776655843382398,0.2106729014095804,0
0.8937624287900616,0.4874635606463873,0
-0.6312544864680716,0.1408811130894259,0
-1.2389284494320825,0.34172090209752976,1
-1.4196427551366062,0.6992336788893276,1
1.0386192755307286,-1.2775531481353841,0
1.3177773454669583,-1.062764312971572,0
0.43169656735887657,-0.7753559810970853,0
-0.11268734531740571,-1.3370108962921972,1
-0.14776906080711902,0.30865515672932553,0
0.24075307262645743,-1.4480536397908572,0
-2.032095889383122,-0.07225480152370978,1
1.2626912199140123,0.2765193956116059,0
1.5944599895179827,-0.6385054476956364,0
0.4606837866324531,0.18044351092539512,0
-0.6633364048726446,-0.0037301412140021487,1
1.5967994477246321,0.3453490694162305,0
-0.16786323320523866,-0.030051525392916792,1
1.1282410221911654,-0.9794129729804285,0
-0.27577572461389827,-0.8915494073874626,1
-1.2808309597007101,2.0554332505297497,1
-0.9568776506816465,0.06472179519070292,1
-1.7293707354226844,0.13913600945042887,1
-0.8708991642640118,-0.5331702149801876,1
-0.1461749063742765,0.3765985396902209,1
-0.4787125740354975,-0.9208507488445553,1
-1.5660592157294608,0.33204537938541007,1
-1.9594390975315876,1.3641106584091276,1
-1.4016083359378804,0.1963315043956152,1
0.20698432236621858,0.25143730427960115,1
1.7925194921243075,-0.7833661123618427,0
1.1247019196884627,-0.7611697210429392,0
-1.052850321866167,-0.5974595101253317,1
-0.8791793875082453,0.24763426302530572,0
1.3429787346640896,0.6519558272065662,0
1.1197421345014953,-0.49123974783919244,0
0.0929327800932156,0.6957971408820162,0
-1.2098709384256379,0.6991007626206523,1
-1.7412957502378337,-0.4547874614078259,1
-0.3021837754526235,0.10820174163232374,0
-1.2368376510635966,2.496605954998327,1
-1.7325486859388595,0.1753967927620905,1
-0.9014576599370498,-0.616772500472178,0
-2.0227337862924415,0.08317335299301834,1
-0.1766347526064661,-0.4307632013588394,1
0.06375956885436743,-0.08568151650259193,0
-0.8117135075531701,0.09855015665978853,1
-2.0177313870134927,-0.9482668665346543,1
-0.303104772412038,0.12690504672634453,1
-0.45093620888413943,1.511765405180989,0
-0.7589633144595516,0.32587321014551535,1
-1.2188655693667756,-0.507212249821037,1
0.14737450856468748,0.06315017753453972,1
-0.4672670411878388,-0.7273180638774914,1
-1.597727052491653,0.9683932819541268,1
-1.3622043578682572,0.4762502845201865,1
-2.0729014953358615,-0.36095976821144404,1
-1.7401443055374266,-1.0958793317920146,1
-1.7430335581329421,-2.041966302975888,1
-0.44756455255382604,-1.1637522083048675,1
-1.0761029238417774,0.2766346329844774,0
0.808197603589122,0.9041082819628234,0
0.012226522589380284,-1.0980555554277376,1
-0.9402420470495103,1.7250858761934045,1
1.797003393337096,-0.13486286093902478,0
0.6491384620916365,-0.26682926610739094,1
-1.8086821708484682,-1.4523428017771178,1
-1.8988969663321686,-0.23173146521671273,1
0.7928111017811242,-0.8775346378239908,0
0.1920835112569841,0.43768025072151107,0
-1.6696658372171682,-0.8945779351703083,1
0.12178954784440413,0.43071171504146716,0
-1.7361208564755966,0.8003890937729036,1
1.4600423069358932,0.222689290492702,0
-0.7489709613844535,0.2251590106458186,0
0.3361514780934475,0.006008272417421989,0
-0.8717129667715213,-1.3032379580846918,1
-0.3626410480086715,-0.4815699479092683,1
-0.27989368820245975,1.15450462355708,0
-1.348545755408072,-0.28534142681082475,1
1.1479547244001758,0.23147533224489195,0
-0.2734800736756196,0.4474498487291125,1
-1.2179835930966736,0.16678931627679586,1
0.27667295118081686,0.22367443004572457,0
-0.8455740387615388,0.022644087702446997,0
0.896796895267117,-0.6728221329165556,1
-0.803893540735732,-0.5716420664081576,1
1.4526045603033035,-0.4899437758817019,0
1.7360719496425077,0.49821635126864006,0
-0.542581098728881,-1.2108774705275558,1
0.7374354071758291,-1.8752111781675795,0
1.5463474306499496,-0.682376669582494,0
-0.6683742199106375,2.535412371887705,1
-0.531422870829297,1.2214137322768208,1
-1.111563809148934,-0.7891383731551821,1
0.6759527112612947,1.1813463033249119,0
-1.61923589898827,-0.6494309419662965,1
1.1289801586832502,0.44121902308880145,0
-0.38152589420548794,0.7767129407066761,0
-0.8861934490709492,0.19742493438003123,0
-1.319631376784017,1.2882474414436025,1
-0.8908427400035541,0.9410533345763733,0
1.8165628755515923,-0.4863572662551918,0
0.9350735109632892,1.0056109993371694,0
-0.9049204297437734,0.7332041163047419,1
-1.2432682177605285,0.545720787583977,1
1.5017117274837983,-0.05716142285569065,0
-1.2654187002861776,0.1495375920503446,1
-0.4011572486954778,-0.041199534783129835,0
-0.160002131621088,-0.7556339766650675,1
-0.08013718162107367,-1.2327548800186605,1
-0.4931948997898137,-1.0218642048726434,1
1.6582483326402129,-1.4313847658671668,0
0.003700934043177395,1.6928714419337378,1
-0.7563405058426116,-0.07158993029533557,1
-0.3755987264507038,-1.8160683874351071,0
-1.9452239969158847,-0.44406464069832485,1
1.8291621955592663,-1.1273374435383434,0
-1.4825885597009194,-1.453723772049328,1
2.2188978620011666,-0.08904455390979124,0
-1.9688351164546942,-0.6030537790648054,1
-0.6089670563004997,0.2640216072732483,1
0.9286143205045588,-0.8214461210003594,0
-1.5437325671828477,-0.5655288288818496,1
-1.3769140947250533,-0.2569633994685377,1
1.6360892158839502,-0.7609404744690453,0
-0.6729015024001732,-0.6450879431140957,1
-0.5337136349177866,-0.2675998337646021,0
-1.0562001151251104,0.930158056439452,1
1.9550540193640058,-1.1739481223846877,0
-1.2196758169217337,-0.23449718986042095,1
1.4628378026438262,-1.9555336223917816,0
0.5680447967926521,0.043391036362186164,0
-1.9579506001090248,-0.02329138883889581,1
0.7227387966557934,-0.8120185598928644,0
-0.7034970690565269,-2.026896880230423,1
0.12348133103576803,1.934403206048219,0
-1.5788278447088275,0.6791458606605035,1
1.498190057970535,-0.7602127039880913,0
1.189315745779565,1.1579311046680307,0
-1.6090435594173071,1.0755774381011705,1
-0.5766943853154245,-0.25410279888578846,1
-0.2083615404542172,-0.747839450252344,1
1.4432927585407298,-0.38155056060263914,0
-1.3974696885231102,1.8936830753719018,1
-1.793315570132265,-1.2259887251312698,1
-0.36015682974501456,-0.6813286673245516,1
1.0269508673157524,-1.0419672992628821,0
-0.97277324117674,-0.07718657659331246,1
0.6155051073450108,-1.0094291702228417,0
-1.4615717355686884,-0.6359681806272791,1
0.36445716602959166,0.9009076365981796,0
0.2577284231624091,-0.5896632591189737,0
-1.5249337879667013,0.860894670757252,1
1.8100225112290684,0.2770838800135315,0
0.31271253127063825,-0.25688162288244665,1
-1.741536054134588,-0.16297381289780483,1
-0.31197523209963907,-0.014682386748375603,1
0.8963531606081727,0.6041235177197585,1
-0.8052247013128513,0.4739971061629268,1
-0.5399292146603076,0.18673321367180779,0
-0.3717512153588301,-0.5755036545826624,1
-0.4786724163065656,-1.3787893975327759,1
-0.7459462823770495,1.1205624857927265,1
1.4642550899513112,-1.5480031227710511,0
-1.3741358437015645,0.6724778816129479,1
-1.8491813556463184,1.1673796661114462,1
0.11685908219270677,-0.6770759492744509,1
-2.0877752920258534,-1.5835674476909314,1
0.9607274019131526,-0.049515085764004985,1
-0.8320755318018033,-0.10612371089716585,1
1.628324176978994,-0.4149644146555075,0
-1.271056475170957,0.034929576921902544,1
-0.2611115229175096,-0.6258584137521279,1
0.9828430169031521,-0.4992048055759871,1
0.8444072042385637,-0.2551806320381601,1
-1.002319582926502,1.3657751155641007,1
-0.05588878714739582,-0.9245916091369906,1
-1.090130956474013,0.6264279058674788,1
-2.2004027015205394,0.25402139668062246,1
-0.21345837527831577,0.5194097468492191,0
1.0353022660097686,-0.803101340609921,0
-1.421095958428594,-0.02087449195784319,1
1.003778224367575,-0.7014693963174995,0
-0.21498564176767881,-0.3855892754454377,0
-1.3252129863735673,1.2179822770146544,1
-1.9733610422957322,-0.424745851084259,1
-0.6658509504614156,1.348356163169377,1
1.140973738841099,-1.1999462089943118,0
0.062221099263668866,-0.20625326617530748,0
1.8016157724009196,0.30683181537636484,0
1.2067706359156865,-1.8459740993925906,0
2.08647650052329,0.22779806919326784,0
0.028948049247964965,0.7028625676008707,0
-1.3614997993551454,-0.864970041165225,1
1.02758614602392,-1.465248492706537,0
1.4173979570395072,-0.022400151332021445,0
-0.8192383572090097,-0.45004150524820524,0
1.8882359585717152,1.26495005735575,0
1.5072145802852597,0.7423679551152952,0
1.6702484429678404,-0.2592117793370544,0
1.3334823246355736,0.9717748766067846,0
1.0529379187461778,1.106830259959068,0
-0.46346502930108985,0.1621113705181687,1
-1.7381786820957683,-0.6796658004342729,1
-0.46857809256317173,-0.05276245629898252,1
-1.9164885270747456,-0.4327482200989226,1
0.7455147719323578,-0.5426710145199012,0
-0.08247442130321764,0.14979957882877465,0
-1.210510943702923,-1.2312875952322477,1
1.2649210729361677,0.41026396556561495,0
-0.02585352153209677,0.2737334204959913,1
-0.07620341370925751,0.2095527218684928,0
-2.027889849006667,-0.12961240152047998,1
0.6398110475862709,1.0419969494297292,0
0.3541634288986322,1.3586121119410683,0
-1.2625441062981912,-0.3652323282895012,1
-1.9920845864308032,-0.2585318243492587,1
-0.3563113135335356,-1.0225674175022261,1
-0.054250007867365946,0.8623968403304548,0
0.7242061149792681,-0.48286168348913916,1
-0.6712191831209487,-0.14838029067895658,1
0.006646996954060708,-0.21042560062386434,0
0.2439559565992998,-0.3718345811380662,1
-1.5481090154688844,-0.08512431680136717,1
1.2137624363352377,1.382747571808595,0
-1.1711228801699134,0.14084149579223212,1
0.8077006471387813,1.3661341690487578,0
0.23958417642251378,0.04999087011149328,0
2.0133785047949875,1.2365577023408567,0
-0.192623867980427,-0.03955033124963212,1
-0.4438553086887632,-0.307589158745386,0
0.8598306763155215,1.6326113055601317,0
-1.3039946392296218,0.7688631126566655,1
-0.26109361105707374,0.2575789259550545,0
1.3013821607527607,1.0828720650819688,0
0.583594208454996,-1.653611087934722,0
-1.7353261091879613,-0.7242544844612384,1
-0.9304814787459206,-1.6462788901505792,1
-0.33115085102147496,1.50672323025181,0
-1.7926382034297388,-0.0015425506196793462,1
-0.1433330919187556,-0.5495473200050297,1
0.657820162677893,-0.3011480194313999,1
1.0856697466411465,0.1346969390663577,1
-1.9825078910996399,0.8172551248466529,1
1.109719292947504,-0.36613588753934606,0
-1.2307250835902854,-0.1298169293822059,1
1.7584267437532,0.7674712500704317,0
-0.6082163463840562,-0.15639327970935482,0
0.5669867093888517,0.19566697675239408,0
1.613814364779521,0.7789909027262187,0
-0.15872115819935537,0.15784806650288816,1
2.2260581735610394,-0.3351985173272284,0
1.5273546917769085,-0.4920358224060384,0
1.4684246657119497,0.329128288866167,0
-1.2033114583703846,-0.13349281526663248,1
-0.34470622619068264,-0.7558622514043245,1
-1.429600692808559,0.22511158722299757,1
0.5402877684551745,-0.6532087349031713,1
0.5643335791611612,1.125928143806252,0
-0.2400252818039803,0.15017372137873014,1
0.8826985348097252,-0.7161904196355007,0
1.4279960743953382,0.6716821799308452,1
0.8356212624137027,0.23543878380480218,0
1.5862395595011285,-0.37333890673185277,0
-1.6521555920227216,0.949617418768267,1
1.7298509700075622,-0.12213661115269492,0
-0.017996302572384743,-0.0791564823274331,1
0.49586493390767267,0.8108267351461429,0
-1.1547992891263406,-0.563265316419162,1
-0.056873713401745796,0.40805382938270707,1
0.8790713189834897,-0.819490594156586,0
-0.10587213624094696,-0.8222301406183751,1
1.3603422979811528,0.10649815143839092,0
-1.7140736758215678,-1.2860403701500005,1
0.908255739958141,-1.6992853084554933,0
1.3255665013016367,0.8659661539962766,0
0.02320218200767249,0.24563495963170062,0
-1.3413987487842247,-0.5831559190236812,1
0.9826267090828394,-1.1546262923641017,0
0.417984042085083,0.542527454201529,0
0.4730831777958128,0.48541472004202485,0
1.4917829962617757,0.4761726596668668,0
-0.583960994525019,-0.7904676832498424,1
-1.1650092779951184,-1.0685957172338512,1
-0.5854588387947028,-0.29633151190764334,1
-0.05478617049619246,0.3474012651878653,0
-0.7161636698074659,-0.6620884963485898,1
-0.46332192319706406,-0.42470166573056684,1
0.34838881726823345,-0.09714067832032558,1
-0.7651982613553882,-1.1824535611447125,1
-0.9074824325223643,1.2362604374887558,1
-1.3509879088327463,0.19969028296336438,1
1.2956955447110456,-0.7702640836709428,0
-0.3382583662726437,-1.9555361376010059,1
0.06101821402870375,0.07367215271477301,0
0.6986121286234923,-1.157599648362194,0
1.870002126386204,0.8482444674521228,0
0.7848495614940012,0.9718846053093806,0
1.0853587580460855,0.005471750836607392,0
-1.1801578116460791,0.9110947416898121,1
-1.5326084082454419,0.5642068979364371,1
-0.848584516353039,-1.704173955539995,1
-0.26848301787943324,0.70921669775556,0
0.9331955865790785,0.7231868751251914,0
-1.6468141581636628,-0.07467182342818968,1
-1.4907451598766013,0.23277676164792427,1
-2.020645013042288,-0.4957209629849636,1
-1.3453175434727735,0.9854096818639968,1
-1.0077212302498404,-0.17696228623756452,1
0.4139059407566842,-0.2299903205807578,1
1.2909268457488074,-1.2678277997562388,0
2.033052329809627,0.899143727884388,0
1.9641817110802393,-0.5298535365307858,0
-0.3173900058470617,1.116691555272061,1
1.1608733432973457,0.4609912168521626,0
-1.6368030517651952,0.4918756173925083,1
-2.0448776765920242,0.8791392034863361,1
1.3490624817920362,-0.4926263704900954,0
-0.5520801421669224,0.6074058139555634,1
-0.7366361902580445,-0.04583376765055251,1
-1.9915886642882341,-0.05419372360011207,1
0.2067000534862772,0.638835307588472,0
0.41622041211326116,0.25339721810261584,0
-1.857743086692346,0.5939431016001588,1
0.9486599319066746,-1.7160858655975677,0
0.49058874607259084,-0.11971496303884378,0
0.748952708152947,0.4383142557878104,0
-0.5049816779740277,0.8102603042527563,1
1.632130604312313,0.376853811180089,0
1.501243001247453,-0.3421275969040413,0
-0.4896868133623194,0.9569843954113081,0
-1.2297975451289798,0.13910341865340492,1
-0.8443435633076578,0.5254507297801799,1
0.7171127527956997,-1.3894334455096435,0
-0.8702203369454006,1.336222433449697,1
0.16844092599514993,1.5269727869232363,0
1.944424863517972,-0.38100845916291814,0
1.469682952638036,0.5698077795153015,1
0.7946545708569541,-1.7037930733173559,0
1.8415605540352145,-0.20327815478159025,0
-1.5232777357326643,-0.20710877829794033,1
-0.2992917247513515,0.45697604150883003,0
-1.12516257783163,0.44796610926988123,0
-1.1297721372642993,-0.9168365011593597,1
1.221369353522801,-0.29443977851139314,1
-0.9892463171992261,0.3571793771277191,0
0.41697471323979923,-1.1196664861960195,1
-0.9734310407889564,1.77155898880241,1
-1.141608652440401,-0.44437010021871715,1
1.5845531828005925,0.0498761953842438,0
0.12476946440163943,-1.682571357387102,0
0.32997745836905834,0.25474391275804753,0
-0.6079683386637426,0.26860326581918714,0
-0.7607108217022782,-0.2735410313001485,1
0.39584906233529454,-1.8407638037677816,0
1.8848949239114414,-0.19403473948269367,0
-1.1885953925357273,0.04426739518158376,1
-1.5881528712357114,-0.8019461840024926,1
-0.9202183363243724,1.2684861227981519,1
1.8040312254202284,1.395844947365062,0
-0.8109732838216955,-1.0725810851731625,1
-0.46973379986093555,1.143029508593489,1
-1.7082042079700435,0.8173338209390166,1
0.7260096609619378,0.27021878570555646,0
-1.2568484613194089,-0.6783600313901869,1
1.3798545806300175,0.7723175505371845,0
1.4756884066030127,0.9938924666782963,0
0.6950732509094217,1.3508864090201174,0
-1.0641680146579136,1.446814471405367,1
1.6717845130280202,0.46150470212443145,0
-1.5300026418426567,-0.22267503462710117,1
0.14007303833268137,0.45075756600832895,0
-0.07956361607400861,-0.8405621994585495,1
-0.8730159473846234,0.8924992492420685,1
-1.4063645782153664,0.5456331464596704,1
1.496851454499646,0.048751262411545294,0
-0.9173491094262477,0.4322473870109956,1
1.2724924023236508,-1.0248365070965049,0
0.4479776204216092,-1.1194487389944803,1
-1.3246233298336052,0.9152961358283268,1
-0.6157041792748501,-0.9882433739226879,1
-0.6482702893604784,0.4381773407025178,1
0.7407753689528058,-0.18330710466797895,0
1.589580694357917,-0.6288511799787843,0
1.7003856321126156,-1.0381680933404647,0
1.5155839249542988,-1.5532593864121536,0
-0.898315043565047,1.548409447701527,1
0.9346026104142952,-0.4233854994970332,1
-0.1287395895731653,-1.4510078895649747,1
1.448804403653412,0.010965940395917417,0
0.632621682556947,0.5968271633694937,0
0.582339233985878,0.02887432544891927,0
-0.47184101011869084,-0.09444755808932033,0
1.1657025302245347,0.4777686388202637,0
-1.0517554265229048,-1.2832636265271475,1
1.6152491523621773,-1.5736093060287715,0
1.8651602175582853,0.05522428666953866,0
0.22020498639509564,0.36914681309008235,1
-0.5802551589732483,-0.761940630056083,1
-0.62889233141218,0.03130086021876896,1
-1.4321500833704555,-1.0750170880835306,1
1.4413342491867844,0.896119260500833,0
-1.0388134907585322,0.895443341696222,1
1.999437204565298,-0.06672240094333348,0
-0.03839578580076061,0.3095107190085338,0
-1.4012737948517877,1.300833279771094,1
0.7037190335123096,0.8729135228687495,0
0.2513998606229127,-0.8401120495417697,0
-0.4875717729517079,1.420804485537196,1
-0.7854190477817642,1.0675994601499728,1
-0.544183199298599,-0.06971837133652609,1
1.857585840044837,-0.27157257523658757,0
-1.6147700939580258,0.0024383595607562203,1
0.9925380691436001,0.07617941029168512,0
0.43683428250451717,1.1304689306247488,0
1.4795083401932034,0.6124950281620423,0
1.4876738967067435,-0.08329872890633411,0
0.5775551268755419,0.3858808244055729,0
-0.6300667609125514,-0.7101742508326281,1
-0.14296121151683722,-0.6063327403275653,1
-0.4509992350285504,-0.5136618914055586,1
-0.13841873410093805,0.3839566848845317,0
0.9070567808811325,-1.4260791199802778,0
-2.0978878962937695,-0.030990742740554467,1
2.331974838919166,0.07164052294499074,0
1.5183972535188974,-0.27824827738353347,0
0.8561942368308966,-0.7969808328220727,0
1.610214189254509,0.2605978098553575,0
1.1993559410049213,-0.1911171975681501,0
-1.7199382396972918,-0.5644835581053955,1
1.1071822840614647,0.398664195241772,0
0.9783840019484167,0.9458127257958224,0
1.5942623175046893,-0.22760540896038245,0
-1.5782210632957043,0.724434555250941,1
0.809319880091907,-0.5087124085681477,0
-0.48114268107164543,1.9656728745869008,1
1.4803051038887662,-0.38935688356991516,0
-1.3835826126144413,-1.0047315393283536,1
-1.5306462670600713,-0.529859075805368,1
-1.7324960245358665,1.5223187907108784,1
-1.8862081872648284,-0.0623785838313545,1
0.34398481750707144,-0.8806969900237022,0
1.37592409639506,1.1518281498443375,0
1.0509287390498938,-0.018641233047359887,0
-1.8310298968638323,0.7815800431608602,1
1.8758589599454603,0.7768050658909974,0
-0.8008234606065003,0.935046719688702,1
-1.7032938803350963,-0.7182329292191911,1
1.9261172118398413,-0.6520606618916517,0
0.18471765441458082,-1.2367340712093604,0
-0.0961981248403296,0.9765188769012298,0
-0.28083837595133787,0.3157750522243099,0
-1.744970313189405,-0.6587642593418714,1
1.0473002532526805,-0.36581476100334775,1
1.7622306710998252,-0.2159013631282442,0
0.019973640731284298,-0.27037215593382247,1
-1.7086339783983062,-0.7999361021543114,1
0.5206011294832859,0.05486134928049438,0
0.44574673361860595,1.2090269745399205,0
1.1613882501980377,0.3771967725069798,0
-1.06564826126051,0.3545685497179312,1
1.2102321816834734,-0.40230833370053604,1
-0.43349544726701555,-0.2668324158421499,1
-0.4159877670368208,-1.0054400953279754,1
-0.8239761342903505,-0.462722817373738,1
-1.576665387036987,-1.3561847467079313,1
1.7759951504517282,-0.2360627290205663,0
1.260605202376952,0.1304093115091674,0
1.331328102501111,0.8264752837899998,0
-0.011081256667334942,0.51865714605281,0
0.9471902014643705,-0.017868218890026405,0
-1.1927335374182646,0.8703160382916642,1
-0.41331011586383104,-1.6232726229660694,1
0.747313149852074,0.7995129375637006,0
0.7851614597071522,-0.18257553405217783,0
-0.8567252182456376,-0.09283296377292813,1
0.26263037299738135,0.010010125258869365,1
-0.0429877869829586,0.6189206271897192,0
1.4100630662915128,0.04150530956128927,0
-1.5016532829933738,-0.5803679124494381,1
-1.4476625488091046,0.7042925173160806,1
2.0492201023562298,0.2744697767727874,0
0.19518324680441387,0.23452301840393852,0
1.7601148716626078,-1.1374057307410979,0
1.1613260767143971,-0.08179030617003663,0
2.581596608001709,-0.5468223547858151,0
1.059146933395667,-0.5441486827938543,0
-1.7948668249607076,-0.7366894267927633,1
-1.2913132830479324,0.7997677837448105,1
0.7443523947501868,-1.042423700907061,0
1.3126957126797625,-1.3990620023123712,0
1.7549988139663648,0.5464937812525518,0
0.40737167296621235,0.49843588004148,1
1.715683803700899,0.9089981755915935,0
-1.4059173655553834,-0.7437188629502545,1
0.8625132569762661,-2.136165021291603,0
1.5324627564086213,-0.5787833652606096,0
1.0503884512668753,0.18557186907378442,1
-0.965079750525296,0.5578962470202052,1
1.478776486917995,-0.6731318648519875,0
-0.30029910012791,0.3093373647277837,1
1.2255368062574667,0.1770522631352588,0
-0.7375570022640352,0.03967541819401438,1
-1.041881972534649,1.7672676684369903,1
2.103818445154165,0.6794079552190454,0
1.7115650208268023,1.198828895002909,0
-0.6954543767165587,-0.44228590173373583,1
1.3903771275642325,-0.5683042040006216,0
-1.6976602050247982,-1.0855768384842368,1
1.2467301305662701,0.42499981230094985,0
1.1399673073996264,0.8774343880073708,0
-1.4959770004046438,-1.2179613408801582,1
-1.871136438212349,-0.7906430325561141,1
0.18393946548138246,0.8568815750023441,0
0.46986620901123155,0.11046964525684161,0
1.7680341451006227,-0.9710787193143778,0
-0.4484077907803691,0.5017164620109533,1
0.41717025320069534,-0.6380508116381267,0
-1.305814853745434,0.6032790593503636,1
-1.6636804953327708,-0.4357227966311323,1
-1.2298192806318533,-0.07334154597567866,1
0.4435387533932525,0.5222576523078566,0
1.5298703474360045,0.5650231044819528,0
1.6133450803855776,0.25563456971642445,0
0.7441621898926555,0.020009050431518877,1
2.046310776171856,-1.2278628382976655,0
-0.656649271297379,-0.8017746394428016,0
1.3605007669385651,-0.05330812910732895,0
-0.9053297821387575,-0.6407440895589905,1
1.5695263126710133,0.03531575714676499,0
-0.9200468404502535,-0.1650640505030941,1
-0.17765649059291194,0.21559575541745218,0
1.4467673852159164,-0.1532356888403612,0
2.2951741532643073,-0.2734226096718889,0
0.07600828517220831,-0.24446747342433464,0
0.61454552144191,-1.2192066410964293,1
-1.9410035818654352,0.8306066259026976,1
0.7839587951334628,1.2284854175073197,0
1.7571758681951193,0.14995317775965128,0
1.0101030887926588,0.4694145822567596,0
1.8940355371831263,-0.07624946807072815,0
-0.5063563956376945,-1.1874387911370747,1
0.8913776959242632,0.7131225852200778,0
-0.053074409138482326,-0.5371401382167496,0
-0.7769912952816764,-0.07594254016454471,1
-1.2168956258038497,-0.732800452984069,1
0.6105339318772783,0.2791909509694889,0
-0.15554109812171416,0.9259990492091614,0
-1.1086040860103032,-0.38426338412974437,1
0.28810606048415377,0.6611603236447656,0
-0.9100239895589285,0.13230037803709133,1
1.2169939266330998,1.0375656620589278,0
0.1357179204816252,-0.51433236766193,1
-1.6964844464422795,-0.28039846950761405,1
-1.9134476945268977,-1.3504476564418109,1
-0.8647470883572537,-1.0005796034096213,1
0.26074014107727483,-1.0101799527047952,1
0.9866065686627582,-0.9646159945473054,0
-1.322318540782228,0.45884850907491026,1
0.9089464565343117,0.807612922480376,0
0.9553530899591695,-1.2786481567116814,0
0.6257265254962527,0.3600934392218197,0
1.3210872827767428,-0.5001217469482866,0
-0.1636885942673377,-2.225202941789972,0
-1.0238411303993156,0.6200975105270762,1
0.9089575237501475,0.6840631794480474,0
-0.9440856658919266,0.6061995811075199,1
-0.06172826961128772,-0.4439750880001143,1
1.444917651827763,-0.32677073826935155,0
1.162691776561808,-1.2978846823484345,0
1.9440745403366673,-0.10592666703926223,0
0.3892962757420523,-0.12108622809261778,1
1.0933715212397628,1.3516866271919021,0
-1.1266065915013548,1.2550341518672492,1
-1.488725110103088,-0.5288517347853211,1
0.7258250338447776,-0.18046774676792987,0
-1.5224149155510995,0.9080065713430125,1
2.129022952317171,0.670611129856569,0
-1.8047607402868213,-0.6280083257622336,1
1.3064949976731572,-0.677441906351147,0
0.7505549893230664,1.2771207081238591,0
0.6003268849087481,-0.20122267267897692,0
1.0306921024652091,0.2365769580892576,1
-1.0270436513673789,0.927894571284243,1
-0.3499065600148612,-0.5453564434852283,1
-0.8400598112901861,1.462528068940164,1
1.6280802042736144,0.6079282997356393,0
0.9459915701519701,-1.1196799436697793,0
0.8093970347224428,-2.6469209529601043,0
0.006275266240020935,0.38275330825055964,1
-1.3257942650431604,-0.6850703245672565,1
-0.33397284870625843,0.25471721994631513,0
1.215358678454411,-1.1550762453673258,0
1.4490360653037564,1.7218127914645873,0
1.202914151393544,-0.025265865577266455,0
0.3559379907604086,-1.702165610807035,0
0.05089729911603877,-0.0785662814123926,0
0.9490377280654204,-0.7989314538343844,0
-1.4128358062117827,0.2518198354041026,1
-1.6067214527597458,-0.07579710082849495,1
-0.07728549604636441,-0.08984114090452511,0
0.014216633146334257,0.4376160101103847,0
1.2804463933682764,0.8254936832752438,0
1.073420304114496,0.19764864692705325,0
-0.10555336173292139,0.12309797594705313,0
0.06835963672452944,-0.6257195923798554,1
1.2010650984826274,-0.915250443371898,0
0.9294537917726312,1.2741618503233245,0
0.43991395932314004,-0.4099739420135484,1
-2.0062838516960086,0.18025451677130533,1
-0.9791996059461792,-0.6085973768748255,1
1.1221619426649638,0.7952194090538665,0
-1.478867331047219,-0.43738939339858895,1
-1.8650728917309434,-0.7169987484901258,1
-1.7286757445352987,1.9752339442514475,1
1.4357884501023501,0.027662427618442564,0
-2.012645053243025,0.08387986737401773,1
-1.7208416612424569,0.11313336225253996,1
0.20490295263071354,0.6192092927811123,0
1.6631849151281854,-0.1534608922492088,0
0.9402244128641843,-1.2887798294224018,0
-1.2209059172555108,0.6166710147245733,1
-0.1677810802987143,-1.4246722122905051,1
1.3109147025666241,1.283861321694096,0
0.36650569219061463,0.26628351818962925,0
1.0705366120149722,1.281162251715319,0
0.8384094859604063,0.7550239808984799,0
1.15983886704199,1.1652561588400774,0
-1.1522484609046395,0.922806137069177,1
1.3549219265332682,-1.8432798664724055,0
0.41154188713671747,-1.3706929476868965,0
-1.1530644954216824,0.17155966146466956,1
-2.2844874475674177,-0.0513821606480578,1
0.8789335041018974,0.44378078215503297,0
1.1140433382908694,0.8901276931909041,0
0.5800612036367607,0.3344504027356924,1
0.5425756128220166,0.5620956555836877,1
-1.2284861945323668,1.5371310810879535,1
0.6611875585588264,-0.7652658876288395,1
1.4417922718149356,2.2948603047560634,0
1.69087562246697,0.8577609991056121,0
0.8620519324510286,0.6394604131582706,0
-1.4174456707407495,-0.7259455620261241,1
-1.4940445938972524,0.11006411049276349,1
0.6672789868678819,-1.5773847648357318,0
0.038965010724544225,-1.0919254849150486,1
1.0482410675007532,-0.21829934447137195,0
-0.9412670587684908,-0.7227611655039126,1
-0.6648243344627911,1.2149280315880508,1
-0.2631429720761973,2.197540759791883,1
-0.40191535796250527,0.4978563492683743,0
-1.4617788491334542,0.3795261583535076,1
0.08547204923002677,0.7130114885799851,0
0.7831042111710337,0.9377668790433237,0
0.5475638120981626,-1.2775320743056444,1
0.15418876397665404,-0.9395624873651178,1
0.8272829463239937,-1.2188132035311365,0
1.059043928981033,0.8831783155539268,0
0.6823567898980836,-0.676739158261044,0
0.07002816687116861,0.6712101887096078,0
-2.4649182127705407,-0.9930575057662112,1
0.257470551333562,-0.8282848476181652,1
2.0761178315204525,0.2907241596180741,0
1.3858864219828262,-0.047197667778107744,0
-1.0810655902802808,1.0617932646682429,1
-0.16387704023387664,0.5125013493460979,0
-0.2564191100748373,1.0208393269466174,0
-0.5593646300068991,-0.9953515631934524,1
1.1305774554588262,-0.5624751585119926,0
-0.42701080852253454,-0.5081070310451716,1
0.10424777653387744,-1.045658097596566,1
-0.562388416363392,-1.1967468048417151,1
-1.5287090213444725,0.6761285115207454,1
-0.5857165811677252,1.2954590678421187,0
1.3712886670779132,-0.5251370040017811,0
-0.6613766341473348,0.3734354950240829,1
1.6194780754073723,0.1791328160242335,0
0.4475047905633996,-1.3653961471858276,0
-0.48459165917368396,0.4351744527611004,1
-0.6530590139722718,0.66746635017744,0
-0.44820135235622327,0.9031088937021633,0
2.065826070614797,1.6990676533657139,0
-0.7598869367295971,-0.523118121288604,1
0.23883988881484597,-0.9634957429850861,1
0.9236282409263097,0.04740065986693691,1
0.9479936008474632,0.7543100372933741,0
2.053043969996643,0.3522203166638137,0
0.820020903294231,-0.7528676413804694,0
0.024211346655833507,0.39244713589016755,0
-0.40557369708309976,1.7178827632033369,1
-1.845697411193012,0.4640869223125508,1
1.5528671051885419,0.5149206429249242,0
-1.4055011454530055,1.0098426139534804,1
0.37723034180841813,-1.5074848152291351,1
-0.6314560955219228,-0.4834702372636027,1
0.9965701758009469,0.4306055346053287,1
0.3253859403381649,0.4906834400450362,0
1.0500106673530525,-0.23323101797285153,0
0.5634420487632364,-0.5118905626768387,1
-0.395917089509636,0.3317246873567089,0
-0.6294738535772837,1.0665143086401174,0
2.0682715626500023,0.42620510371311937,0
1.2787945400450158,0.8519200319568108,0
0.5659545232856005,-0.8790212420225092,1
0.9553004431087263,0.37437725112915765,0
0.5407500185983264,-0.4281156896577908,1
0.8810769523601794,-0.09132477473078393,0
1.113784329460925,0.4316465304855912,0
1.5918895305152208,0.6468275259997569,0
0.6040601523552307,-0.29092047647412156,1
0.22307648407152667,0.32621580811935297,0
0.7236324602417444,1.6811130490375135,0
0.2883070485445367,0.33213364797478373,0
0.6058642421852577,1.1125118376795875,0
0.11057818051592987,0.8659550216059557,0
0.6456588612497527,0.3985756581047348,1
0.7079529951435549,0.5705860471332721,0
0.4354529015368026,0.2774442521097515,0
1.4135661932493888,0.0722206159662125,1
-0.13755307140510825,-0.27013784992355505,0
0.3932472998661638,-0.8267810671000984,1
1.912189148949406,0.5101419859662857,0
0.9071950356153402,0.22803770091816677,1
0.02197786827947648,-0.7369384335313427,1
-0.3546796634909198,-1.5649724858434715,1
-1.025109299568407,-0.1830118285891538,0
1.1579873611260556,0.26607020625374644,0
1.514705888883534,0.40532781460011047,0
0.9459228877180066,0.7586949890320376,0
-0.2871425253137818,-2.4856645380619034,1
0.5309326080197276,-0.13692016457213949,1
0.29037818658620074,0.18942162387796987,0
0.404595238803646,0.19175679405872348,0
-0.005922156877501895,-0.5759997995968503,1
0.34256174292777497,-0.2027396036866666,0
-0.02419799906226669,-0.6870455444824359,1
-0.32006664689076475,0.7411300562271521,0
0.21130993508740045,0.29587034086266567,0
-0.4594366925165383,0.5249774944922914,0
0.09048569606160663,-0.6173766718938531,1
0.4938302262365257,-0.3081832126207012,1
0.6631990405102473,0.35891146678148467,1
-0.8695347862462088,-2.4944374554999924,1
0.8809998746333925,-0.19984857407100026,1
-0.575246069778356,-1.9227258141129286,1
-0.06701224496725708,0.5851322003446409,0
0.5725132795869892,0.10045132261441736,1
0.5434092715929797,0.7854641323321754,0
0.5188805803818194,-0.6565932390970498,1
0.6126054986469489,-0.5525003754122997,1
0.07867657498164075,-1.4698397538345542,1
-0.09417256272807498,0.037193024710335545,0
0.4506890837463905,-0.6880685029309845,1
-0.3542758587738917,-1.2752177023283024,1
-0.3088498708197956,-1.9213183261404954,1
0.4247721050789287,-0.6967365112126861,1
0.09520806979683216,0.1645005393309073,0
0.8229757152545291,0.17323596188981977,1
0.5083432253815973,0.452666458366502,0
-0.37061875603347044,-0.07494430581042241,0
0.10964825764725977,-1.4689859799935099,1
0.42133511189141504,0.09763621112484856,1
1.2042390672631642,0.6594692298056911,1
-1.5300533019917153,0.9585166073538142,0
-0.5445570484866193,-1.1551981704433656,1
0.18776393559178148,0.5637208852063809,0
0.13507531550573826,0.12774330832562172,0
-0.6505069159677201,0.48007445692404294,0
-0.46624901603171465,0.5850109522855003,0
-0.9554245653306376,0.43529018497931987,0
0.8680238304752919,0.133354235031072,1
0.7811218120518744,-0.25500892931140384,1
0.041648624639222996,-1.1582580003018332,1
0.4457605825314621,0.5942662586305556,0
0.12921850725016812,0.6790248973039983,0
-0.49149553926520373,0.4570221444415795,0
-0.6089913928626084,0.5439054793883649,0
-0.04218432740758939,-1.2910968685564201,1
0.440149906796571,0.5651114870459892,0
-0.011727833060311582,1.223119637418631,0
-0.11316127649071134,0.8064387305728111,0
0.28620576493266864,0.8497219522769514,0
0.8803085017777165,0.10024771262533158,1
0.6596270926537277,-0.6633000926920384,1
0.9948561437300316,-0.11935299480407362,1
-0.48596977354981796,0.46399762002753553,0
0.2747689378700988,0.42750603343987786,0
0.3733086094763395,-0.570579184383607,1
0.3880701187156809,0.6559768704669622,0
0.39927728728753153,0.2830686121763713,1
0.34575026228630057,-0.1897523531445812,1
1.1194432539222479,0.5377031983568551,0
-0.2766055754375363,-0.1821481293911444,0
0.6150948951436387,0.008697452915339965,0
0.16609603361585762,0.6101147375836485,0
0.2664945278620453,-0.5111637457080807,1
0.4295135442693253,-1.0186545944939502,1
0.22680268199624143,1.34319243573584,0
0.23786150689412572,-0.47581208876612435,0
-0.5169141097588562,0.1342621245000601,0
0.7835880290635446,0.060735506145552356,0
1.3292692453966248,0.22328426981042662,0
0.7028122906281378,-0.6620164048468823,1
1.5219670211969023,0.08403044648166608,0
0.5697424155299909,-0.1689019803033469,0
-0.41250572914050765,0.3971444555375711,0
1.1450573059285447,0.16348655963747055,1
0.1271866832837445,-0.6517579715062402,1
0.5464476461100705,-0.8550908474422567,1
0.6434989629261956,-0.3833408446583983,1
0.6885436490063774,-0.5350431913857621,1
0.09156997708219931,-1.464071199346355,1
0.7238055884542525,0.3712609364846411,0
0.3888945471185905,-0.016956343836817322,0
0.22655138429546692,-0.2409075327614841,0
0.47488454878165165,-0.04935559911129239,0
0.5295940766396796,-0.4036517621092583,1
0.8325696164292958,0.21576072850158265,1
0.7454490583547168,-1.1814806476301305,1
0.13797018138562936,0.8529701347050598,0
0.9786399462965396,0.5070745624482902,1
0.3640360553027516,0.5755762478655274,0
0.3377632347769323,-0.4263430761761138,1
0.5381548169787697,-0.5242922638799941,1
1.2471276673242233,-0.11851440133153784,0
0.2725973813999822,-0.6410287999817813,1
0.5502966455734712,-0.42173093854619276,1
1.3431176864948349,0.8880338736801002,1
1.8048343434780894,0.3129841881145702,0
0.39887685837860865,1.1415418913331645,0
1.196010044708833,0.25417343430234274,1
-0.06191596197662161,-0.3545096544339878,1
0.39068587475848116,-0.7054005880182967,1
0.18688679848515105,0.9371579467905257,0
-1.4909024660675396,-0.1156913814165557,0
0.14262537188014995,0.8005106448023486,0
0.8015626485639494,1.4293972487552764,0
0.7945136881131983,-0.3265111081303559,1
0.7470875588353676,0.40830239741696034,0
0.8739679866489258,0.22143067523954255,1
-0.45064504807399225,0.2974657171427902,0
-0.042871621832222685,-0.7345122382379787,1
0.40221476607150763,-0.3440719743530282,1
0.9385680179757663,0.25773563321616,1
1.1073328062636147,0.4565295002242281,0
1.0041733589339359,0.5737155718600627,1
0.8237122549873656,0.23755583421860735,1
-0.41496588280638236,-2.0252354705732545,1
0.00475580078691251,1.0660842581174523,0
0.4463458743564955,-0.6862094332228027,0
1.2519610818717457,0.9723007414175981,1
1.1486476554746556,1.2828811445673034,0
0.7817250377955074,-0.748554941537052,1
-0.18475896131736647,-1.653639044346411,1
0.03319680152382046,-1.8521579029226232,1
1.3460647958737364,0.9413837680365661,1
0.14320611321175003,0.8924037975762039,0
0.029437530442036217,-0.8131906523607565,1
1.369099285039231,0.19405249185353557,1
1.0016086311269585,0.593149860772897,1
1.5076781790358196,0.4417414279304453,0
0.46691160252621433,-0.5203828604335217,1
-0.7366665569412572,1.0110904769271354,0
0.014487972726383764,-1.36761258794549,1
0.09903951875146483,-1.4521184432016916,1
-0.7149397945538225,-2.1368579897430244,1
0.5804162741961403,-0.060332137612056344,1
1.635188065823606,0.5064720171300809,0
0.26195441406646647,-1.6155244788565999,1
0.3576385858049772,-0.2379706572121118,0
-0.30193749740616,-2.092051622163605,1
0.2522633856563309,-0.6289001270266477,1
0.2988390959646964,0.7888909329663469,0
0.7643503845777091,-0.10776607163461088,1
-0.14607871464549316,0.3702551489861407,0
0.4733769455885544,-1.2065294115761374,1
-0.8680803410142828,1.0522304949829886,0
-0.1812663427155427,-1.9313058552438884,1
0.4907269515258176,0.25823072832109295,0
1.3948001821014102,-0.5123798017948754,0
1.6834007746796462,0.07733654897692635,0
0.30015972999971513,-0.16400391863090835,0
0.6113559705960881,-0.32868743297979824,1
0.9895686948142218,-0.14773491361405924,1
-0.3594021723776192,1.0137039232966458,0
0.8115791027770971,0.21972553654429122,0
0.524037203591412,1.1931222470705558,0
-0.054509338754540254,-0.9805980476037259,1
0.3103386741989024,0.9009219076225526,0
0.45622033758974256,-0.3456601267537962,1
0.1446924611370377,-0.8938605265389048,1
0.15087372401947374,-0.7818551189211573,1
1.0651250961049237,0.4523646784094151,0
0.7301919595014509,0.08956528815195725,0
1.3050788591321927,0.8541718453779059,1
